,Year,Location Short,Location,Data Value 1,Data Value 2,Low Confidence Limit,High Confidence Limit,Lat and Long,Location ID,Category
17827,2016,PR,Puerto Rico,3.8,3.8,3.5,4.1,"(18.220833, -66.590149)",72,OVERALL
37713,2016,GU,Guam,3.8,3.8,3.1,4.5,"(13.444304, 144.793731)",66,OVERALL
37793,2016,US,United States,3.7,3.7,3.6,4.0,,59,OVERALL
37794,2016,AL,Alabama,4.5,4.5,4.2,4.8,"(32.84057112200048, -86.63186076199969)",1,OVERALL
37795,2016,AK,Alaska,3.5,3.5,3.0,4.0,"(64.84507995700051, -147.72205903599973)",2,OVERALL
37796,2016,AZ,Arizona,3.8,3.8,3.5,4.1,"(34.865970280000454, -111.76381127699972)",4,OVERALL
37797,2016,AR,Arkansas,5.0,5.0,4.5,5.5,"(34.74865012400045, -92.27449074299966)",5,OVERALL
37798,2016,CA,California,3.5,3.5,3.4,3.7,"(37.63864012300047, -120.99999953799971)",6,OVERALL
37799,2016,CO,Colorado,3.6,3.6,3.4,3.8,"(38.843840757000464, -106.13361092099967)",8,OVERALL
37800,2016,CT,Connecticut,3.7,3.7,3.4,3.9,"(41.56266102000046, -72.64984095199964)",9,OVERALL
37801,2016,DE,Delaware,3.6,3.6,3.2,3.9,"(39.008830667000495, -75.57774116799965)",10,OVERALL
37802,2016,DC,District of Columbia,3.4,3.4,3.1,3.7,"(38.907192, -77.036871)",11,OVERALL
37803,2016,FL,Florida,3.6,3.6,3.4,3.7,"(28.932040377000476, -81.92896053899966)",12,OVERALL
37804,2016,GA,Georgia,3.8,3.8,3.5,4.1,"(32.83968109300048, -83.62758034599966)",13,OVERALL
37805,2016,HI,Hawaii,3.1,3.1,2.9,3.4,"(21.304850435000446, -157.85774940299973)",15,OVERALL
37806,2016,ID,Idaho,3.5,3.5,3.3,3.8,"(43.682630005000476, -114.3637300419997)",16,OVERALL
37807,2016,IL,Illinois,3.4,3.4,3.2,3.7,"(40.48501028300046, -88.99771017799969)",17,OVERALL
37808,2016,IN,Indiana,4.2,4.2,4.0,4.4,"(39.766910452000445, -86.14996019399968)",18,OVERALL
37809,2016,IA,Iowa,3.3,3.3,3.0,3.5,"(42.46940091300047, -93.81649055599968)",19,OVERALL
37810,2016,KS,Kansas,3.2,3.2,3.1,3.4,"(38.34774030000045, -98.20078122699965)",20,OVERALL
37811,2016,KY,Kentucky,4.6,4.6,4.3,4.9,"(37.645970271000465, -84.77497104799966)",21,OVERALL
37812,2016,LA,Louisiana,4.2,4.2,3.8,4.5,"(31.31266064400046, -92.44568007099969)",22,OVERALL
37813,2016,ME,Maine,4.1,4.1,3.8,4.3,"(45.254228894000505, -68.98503133599962)",23,OVERALL
37814,2016,MD,Maryland,3.4,3.4,3.2,3.5,"(39.29058096400047, -76.60926011099963)",24,OVERALL
37815,2016,MA,Massachusetts,3.9,3.9,3.6,4.1,"(42.27687047000046, -72.08269067499964)",25,OVERALL
37816,2016,MI,Michigan,4.3,4.3,4.0,4.5,"(44.6613195430005, -84.71439026999968)",26,OVERALL
37817,2016,MN,Minnesota,3.1,3.1,3.0,3.3,"(46.35564873600049, -94.79420050299967)",27,OVERALL
37818,2016,MS,Mississippi,4.3,4.3,4.0,4.7,"(32.745510099000455, -89.53803082499968)",28,OVERALL
37819,2016,MO,Missouri,4.2,4.2,3.8,4.5,"(38.635790776000476, -92.56630005299968)",29,OVERALL
37820,2016,MT,Montana,3.4,3.4,3.1,3.7,"(47.06652897200047, -109.42442064499971)",30,OVERALL
37821,2016,NE,Nebraska,3.2,3.2,3.0,3.4,"(41.6410409880005, -99.36572062299967)",31,OVERALL
37822,2016,NV,Nevada,4.4,4.4,4.0,4.8,"(39.493240390000494, -117.07184056399967)",32,OVERALL
37823,2016,NH,New Hampshire,4.0,4.0,3.6,4.3,"(43.65595011300047, -71.50036091999965)",33,OVERALL
37824,2016,NJ,New Jersey,3.4,3.4,3.1,3.7,"(40.13057004800049, -74.27369128799967)",34,OVERALL
37825,2016,NM,New Mexico,3.9,3.9,3.6,4.3,"(34.52088095200048, -106.24058098499967)",35,OVERALL
37826,2016,NY,New York,3.5,3.5,3.4,3.7,"(42.82700103200045, -75.54397042699964)",36,OVERALL
37827,2016,NC,North Carolina,3.8,3.8,3.6,4.1,"(35.466220975000454, -79.15925046299964)",37,OVERALL
37828,2016,ND,North Dakota,3.1,3.1,2.8,3.4,"(47.47531977900047, -100.11842104899966)",38,OVERALL
37829,2016,OH,Ohio,4.1,4.1,3.8,4.3,"(40.06021014100048, -82.40426005599966)",39,OVERALL
37830,2016,OK,Oklahoma,4.4,4.4,4.1,4.7,"(35.47203135600046, -97.52107021399968)",40,OVERALL
37831,2016,OR,Oregon,4.3,4.3,4.0,4.5,"(44.56744942400047, -120.15503132599969)",41,OVERALL
37832,2016,PA,Pennsylvania,4.2,4.2,3.9,4.5,"(40.79373015200048, -77.86070029399963)",42,OVERALL
37833,2016,RI,Rhode Island,4.2,4.2,3.8,4.5,"(41.70828019300046, -71.52247031399963)",44,OVERALL
37834,2016,SC,South Carolina,4.3,4.3,4.0,4.5,"(33.998821303000454, -81.04537120699968)",45,OVERALL
37835,2016,SD,South Dakota,2.8,2.8,2.5,3.1,"(44.353130053000484, -100.3735306369997)",46,OVERALL
37836,2016,TN,Tennessee,4.4,4.4,4.0,4.7,"(35.68094058000048, -85.77449091399967)",47,OVERALL
37837,2016,TX,Texas,3.4,3.4,3.1,3.7,"(31.827240407000488, -99.42677020599967)",48,OVERALL
37838,2016,UT,Utah,3.7,3.7,3.5,4.0,"(39.360700171000474, -111.58713063499971)",49,OVERALL
37839,2016,VT,Vermont,3.9,3.9,3.6,4.2,"(43.62538123900049, -72.51764079099962)",50,OVERALL
37840,2016,VA,Virginia,3.4,3.4,3.2,3.6,"(37.54268067400045, -78.45789046299967)",51,OVERALL
37841,2016,WA,Washington,3.7,3.7,3.6,3.9,"(47.52227862900048, -120.47001078999972)",53,OVERALL
37842,2016,WV,West Virginia,5.0,5.0,4.8,5.3,"(38.66551020200046, -80.71264013499967)",54,OVERALL
37843,2016,WI,Wisconsin,3.7,3.7,3.4,4.0,"(44.39319117400049, -89.81637074199966)",55,OVERALL
37844,2016,WY,Wyoming,3.6,3.6,3.2,4.0,"(43.23554134300048, -108.10983035299967)",56,OVERALL
37845,2016,VI,Virgin Islands,2.8,2.8,2.2,3.4,"(18.335765, -64.896335)",78,OVERALL
37846,2016,US,United States,3.8,3.8,3.6,4.2,,59,OVERALL
37847,2016,AL,Alabama,4.6,4.6,4.3,4.8,"(32.84057112200048, -86.63186076199969)",1,OVERALL
37848,2016,AK,Alaska,3.4,3.4,3.0,3.9,"(64.84507995700051, -147.72205903599973)",2,OVERALL
37849,2016,AZ,Arizona,3.9,3.9,3.6,4.2,"(34.865970280000454, -111.76381127699972)",4,OVERALL
37850,2016,AR,Arkansas,5.2,5.2,4.7,5.7,"(34.74865012400045, -92.27449074299966)",5,OVERALL
37851,2016,CA,California,3.5,3.5,3.3,3.7,"(37.63864012300047, -120.99999953799971)",6,OVERALL
37852,2016,CO,Colorado,3.6,3.6,3.4,3.8,"(38.843840757000464, -106.13361092099967)",8,OVERALL
37853,2016,CT,Connecticut,3.8,3.8,3.5,4.0,"(41.56266102000046, -72.64984095199964)",9,OVERALL
37854,2016,DE,Delaware,3.7,3.7,3.3,4.1,"(39.008830667000495, -75.57774116799965)",10,OVERALL
37855,2016,DC,District of Columbia,3.3,3.3,3.1,3.6,"(38.907192, -77.036871)",11,OVERALL
37856,2016,FL,Florida,3.7,3.7,3.5,3.9,"(28.932040377000476, -81.92896053899966)",12,OVERALL
37857,2016,GA,Georgia,3.7,3.7,3.4,4.1,"(32.83968109300048, -83.62758034599966)",13,OVERALL
37858,2016,HI,Hawaii,3.2,3.2,2.9,3.4,"(21.304850435000446, -157.85774940299973)",15,OVERALL
37859,2016,ID,Idaho,3.6,3.6,3.3,3.9,"(43.682630005000476, -114.3637300419997)",16,OVERALL
37860,2016,IL,Illinois,3.4,3.4,3.2,3.7,"(40.48501028300046, -88.99771017799969)",17,OVERALL
37861,2016,IN,Indiana,4.2,4.2,4.0,4.5,"(39.766910452000445, -86.14996019399968)",18,OVERALL
37862,2016,IA,Iowa,3.3,3.3,3.1,3.6,"(42.46940091300047, -93.81649055599968)",19,OVERALL
37863,2016,KS,Kansas,3.3,3.3,3.1,3.5,"(38.34774030000045, -98.20078122699965)",20,OVERALL
37864,2016,KY,Kentucky,4.7,4.7,4.4,5.1,"(37.645970271000465, -84.77497104799966)",21,OVERALL
37865,2016,LA,Louisiana,4.2,4.2,3.9,4.6,"(31.31266064400046, -92.44568007099969)",22,OVERALL
37866,2016,ME,Maine,4.4,4.4,4.1,4.7,"(45.254228894000505, -68.98503133599962)",23,OVERALL
37867,2016,MD,Maryland,3.4,3.4,3.2,3.6,"(39.29058096400047, -76.60926011099963)",24,OVERALL
37868,2016,MA,Massachusetts,3.9,3.9,3.7,4.2,"(42.27687047000046, -72.08269067499964)",25,OVERALL
37869,2016,MI,Michigan,4.4,4.4,4.2,4.6,"(44.6613195430005, -84.71439026999968)",26,OVERALL
37870,2016,MN,Minnesota,3.2,3.2,3.0,3.4,"(46.35564873600049, -94.79420050299967)",27,OVERALL
37871,2016,MS,Mississippi,4.4,4.4,4.0,4.8,"(32.745510099000455, -89.53803082499968)",28,OVERALL
37872,2016,MO,Missouri,4.3,4.3,3.9,4.6,"(38.635790776000476, -92.56630005299968)",29,OVERALL
37873,2016,MT,Montana,3.5,3.5,3.1,3.8,"(47.06652897200047, -109.42442064499971)",30,OVERALL
37874,2016,NE,Nebraska,3.2,3.2,3.0,3.4,"(41.6410409880005, -99.36572062299967)",31,OVERALL
37875,2016,NV,Nevada,4.5,4.5,4.1,4.9,"(39.493240390000494, -117.07184056399967)",32,OVERALL
37876,2016,NH,New Hampshire,4.2,4.2,3.8,4.6,"(43.65595011300047, -71.50036091999965)",33,OVERALL
37877,2016,NJ,New Jersey,3.4,3.4,3.1,3.7,"(40.13057004800049, -74.27369128799967)",34,OVERALL
37878,2016,NM,New Mexico,4.0,4.0,3.7,4.3,"(34.52088095200048, -106.24058098499967)",35,OVERALL
37879,2016,NY,New York,3.6,3.6,3.4,3.7,"(42.82700103200045, -75.54397042699964)",36,OVERALL
37880,2016,NC,North Carolina,3.9,3.9,3.6,4.1,"(35.466220975000454, -79.15925046299964)",37,OVERALL
37881,2016,ND,North Dakota,3.1,3.1,2.8,3.3,"(47.47531977900047, -100.11842104899966)",38,OVERALL
37882,2016,OH,Ohio,4.2,4.2,4.0,4.5,"(40.06021014100048, -82.40426005599966)",39,OVERALL
37883,2016,OK,Oklahoma,4.4,4.4,4.1,4.8,"(35.47203135600046, -97.52107021399968)",40,OVERALL
37884,2016,OR,Oregon,4.4,4.4,4.1,4.7,"(44.56744942400047, -120.15503132599969)",41,OVERALL
37885,2016,PA,Pennsylvania,4.3,4.3,4.0,4.6,"(40.79373015200048, -77.86070029399963)",42,OVERALL
37886,2016,RI,Rhode Island,4.3,4.3,3.9,4.7,"(41.70828019300046, -71.52247031399963)",44,OVERALL
37887,2016,SC,South Carolina,4.4,4.4,4.1,4.6,"(33.998821303000454, -81.04537120699968)",45,OVERALL
37888,2016,SD,South Dakota,2.9,2.9,2.5,3.2,"(44.353130053000484, -100.3735306369997)",46,OVERALL
37889,2016,TN,Tennessee,4.4,4.4,4.1,4.7,"(35.68094058000048, -85.77449091399967)",47,OVERALL
37890,2016,TX,Texas,3.4,3.4,3.1,3.7,"(31.827240407000488, -99.42677020599967)",48,OVERALL
37891,2016,UT,Utah,3.6,3.6,3.4,3.8,"(39.360700171000474, -111.58713063499971)",49,OVERALL
37892,2016,VT,Vermont,4.0,4.0,3.7,4.3,"(43.62538123900049, -72.51764079099962)",50,OVERALL
37893,2016,VA,Virginia,3.4,3.4,3.2,3.6,"(37.54268067400045, -78.45789046299967)",51,OVERALL
37894,2016,WA,Washington,3.8,3.8,3.6,4.0,"(47.52227862900048, -120.47001078999972)",53,OVERALL
37895,2016,WV,West Virginia,5.2,5.2,4.9,5.5,"(38.66551020200046, -80.71264013499967)",54,OVERALL
37896,2016,WI,Wisconsin,3.8,3.8,3.5,4.1,"(44.39319117400049, -89.81637074199966)",55,OVERALL
37897,2016,WY,Wyoming,3.6,3.6,3.2,4.0,"(43.23554134300048, -108.10983035299967)",56,OVERALL
37898,2016,GU,Guam,3.9,3.9,3.1,4.6,"(13.444304, 144.793731)",66,OVERALL
37899,2016,PR,Puerto Rico,3.8,3.8,3.5,4.1,"(18.220833, -66.590149)",72,OVERALL
37900,2016,VI,Virgin Islands,2.8,2.8,2.2,3.5,"(18.335765, -64.896335)",78,OVERALL
101908,2015,AK,Alaska,3.4,3.4,3.0,3.8,"(64.84507995700051, -147.72205903599973)",2,OVERALL
101916,2015,AL,Alabama,4.4,4.4,4.1,4.7,"(32.84057112200048, -86.63186076199969)",1,OVERALL
101924,2015,AR,Arkansas,4.8,4.8,4.3,5.3,"(34.74865012400045, -92.27449074299966)",5,OVERALL
101932,2015,AZ,Arizona,3.8,3.8,3.6,4.1,"(34.865970280000454, -111.76381127699972)",4,OVERALL
101940,2015,CA,California,3.6,3.6,3.4,3.7,"(37.63864012300047, -120.99999953799971)",6,OVERALL
101948,2015,CO,Colorado,3.5,3.5,3.3,3.7,"(38.843840757000464, -106.13361092099967)",8,OVERALL
101956,2015,CT,Connecticut,3.7,3.7,3.5,3.9,"(41.56266102000046, -72.64984095199964)",9,OVERALL
101964,2015,DC,District of Columbia,3.4,3.4,3.0,3.9,"(38.907192, -77.036871)",11,OVERALL
101972,2015,DE,Delaware,3.6,3.6,3.2,4.0,"(39.008830667000495, -75.57774116799965)",10,OVERALL
101980,2015,FL,Florida,4.2,4.2,4.0,4.5,"(28.932040377000476, -81.92896053899966)",12,OVERALL
101988,2015,GA,Georgia,3.7,3.7,3.4,4.0,"(32.83968109300048, -83.62758034599966)",13,OVERALL
101996,2015,GU,Guam,3.4,3.4,2.8,3.9,"(13.444304, 144.793731)",66,OVERALL
102004,2015,HI,Hawaii,3.0,3.0,2.7,3.2,"(21.304850435000446, -157.85774940299973)",15,OVERALL
102012,2015,IA,Iowa,3.3,3.3,3.0,3.6,"(42.46940091300047, -93.81649055599968)",19,OVERALL
102020,2015,ID,Idaho,3.5,3.5,3.2,3.8,"(43.682630005000476, -114.3637300419997)",16,OVERALL
102028,2015,IL,Illinois,3.4,3.4,3.2,3.7,"(40.48501028300046, -88.99771017799969)",17,OVERALL
102036,2015,IN,Indiana,4.1,4.1,3.7,4.4,"(39.766910452000445, -86.14996019399968)",18,OVERALL
102044,2015,KS,Kansas,3.2,3.2,3.1,3.3,"(38.34774030000045, -98.20078122699965)",20,OVERALL
102052,2015,KY,Kentucky,4.4,4.4,4.0,4.7,"(37.645970271000465, -84.77497104799966)",21,OVERALL
102060,2015,LA,Louisiana,4.3,4.3,4.0,4.7,"(31.31266064400046, -92.44568007099969)",22,OVERALL
102068,2015,MA,Massachusetts,3.9,3.9,3.6,4.2,"(42.27687047000046, -72.08269067499964)",25,OVERALL
102076,2015,MD,Maryland,3.4,3.4,3.1,3.7,"(39.29058096400047, -76.60926011099963)",24,OVERALL
102084,2015,ME,Maine,4.0,4.0,3.7,4.3,"(45.254228894000505, -68.98503133599962)",23,OVERALL
102092,2015,MI,Michigan,3.9,3.9,3.7,4.1,"(44.6613195430005, -84.71439026999968)",26,OVERALL
102100,2015,MN,Minnesota,3.0,3.0,2.8,3.1,"(46.35564873600049, -94.79420050299967)",27,OVERALL
102108,2015,MO,Missouri,4.1,4.1,3.8,4.5,"(38.635790776000476, -92.56630005299968)",29,OVERALL
102116,2015,MS,Mississippi,4.5,4.5,4.2,4.9,"(32.745510099000455, -89.53803082499968)",28,OVERALL
102124,2015,MT,Montana,3.5,3.5,3.2,3.8,"(47.06652897200047, -109.42442064499971)",30,OVERALL
102132,2015,NC,North Carolina,3.7,3.7,3.4,3.9,"(35.466220975000454, -79.15925046299964)",37,OVERALL
102140,2015,ND,North Dakota,3.3,3.3,3.0,3.6,"(47.47531977900047, -100.11842104899966)",38,OVERALL
102148,2015,NE,Nebraska,2.9,2.9,2.8,3.1,"(41.6410409880005, -99.36572062299967)",31,OVERALL
102156,2015,NH,New Hampshire,3.6,3.6,3.3,3.9,"(43.65595011300047, -71.50036091999965)",33,OVERALL
102164,2015,NJ,New Jersey,3.4,3.4,3.1,3.6,"(40.13057004800049, -74.27369128799967)",34,OVERALL
102172,2015,NM,New Mexico,3.7,3.7,3.4,4.0,"(34.52088095200048, -106.24058098499967)",35,OVERALL
102181,2015,NV,Nevada,3.9,3.9,3.3,4.4,"(39.493240390000494, -117.07184056399967)",32,OVERALL
102189,2015,NY,New York,3.7,3.7,3.5,3.9,"(42.82700103200045, -75.54397042699964)",36,OVERALL
102197,2015,OH,Ohio,3.9,3.9,3.7,4.2,"(40.06021014100048, -82.40426005599966)",39,OVERALL
102205,2015,OK,Oklahoma,4.1,4.1,3.8,4.4,"(35.47203135600046, -97.52107021399968)",40,OVERALL
102213,2015,OR,Oregon,4.6,4.6,4.2,4.9,"(44.56744942400047, -120.15503132599969)",41,OVERALL
102221,2015,PA,Pennsylvania,3.9,3.9,3.6,4.2,"(40.79373015200048, -77.86070029399963)",42,OVERALL
102229,2015,PR,Puerto Rico,3.8,3.8,3.5,4.1,"(18.220833, -66.590149)",72,OVERALL
102237,2015,RI,Rhode Island,4.2,4.2,3.8,4.5,"(41.70828019300046, -71.52247031399963)",44,OVERALL
102245,2015,SC,South Carolina,4.3,4.3,4.1,4.6,"(33.998821303000454, -81.04537120699968)",45,OVERALL
102253,2015,SD,South Dakota,2.5,2.5,2.3,2.8,"(44.353130053000484, -100.3735306369997)",46,OVERALL
102261,2015,TN,Tennessee,4.4,4.4,4.0,4.7,"(35.68094058000048, -85.77449091399967)",47,OVERALL
102269,2015,TX,Texas,3.2,3.2,3.0,3.4,"(31.827240407000488, -99.42677020599967)",48,OVERALL
102273,2015,US,United States,3.7,3.7,3.5,3.9,,59,OVERALL
102280,2015,UT,Utah,3.5,3.5,3.4,3.7,"(39.360700171000474, -111.58713063499971)",49,OVERALL
102288,2015,VA,Virginia,3.3,3.3,3.1,3.5,"(37.54268067400045, -78.45789046299967)",51,OVERALL
102296,2015,VI,Virgin Islands,,,,,"(18.335765, -64.896335)",78,OVERALL
102304,2015,VT,Vermont,3.6,3.6,3.3,3.9,"(43.62538123900049, -72.51764079099962)",50,OVERALL
102312,2015,WA,Washington,3.7,3.7,3.5,3.9,"(47.52227862900048, -120.47001078999972)",53,OVERALL
102320,2015,WI,Wisconsin,3.5,3.5,3.2,3.8,"(44.39319117400049, -89.81637074199966)",55,OVERALL
102328,2015,WV,West Virginia,4.8,4.8,4.5,5.1,"(38.66551020200046, -80.71264013499967)",54,OVERALL
102336,2015,WY,Wyoming,3.7,3.7,3.3,4.1,"(43.23554134300048, -108.10983035299967)",56,OVERALL
102344,2015,AK,Alaska,3.5,3.5,3.1,3.9,"(64.84507995700051, -147.72205903599973)",2,OVERALL
102352,2015,AL,Alabama,4.3,4.3,4.0,4.6,"(32.84057112200048, -86.63186076199969)",1,OVERALL
102360,2015,AR,Arkansas,4.7,4.7,4.2,5.1,"(34.74865012400045, -92.27449074299966)",5,OVERALL
102368,2015,AZ,Arizona,3.8,3.8,3.5,4.0,"(34.865970280000454, -111.76381127699972)",4,OVERALL
102376,2015,CA,California,3.6,3.6,3.4,3.7,"(37.63864012300047, -120.99999953799971)",6,OVERALL
102384,2015,CO,Colorado,3.5,3.5,3.3,3.7,"(38.843840757000464, -106.13361092099967)",8,OVERALL
102392,2015,CT,Connecticut,3.6,3.6,3.4,3.8,"(41.56266102000046, -72.64984095199964)",9,OVERALL
102400,2015,DC,District of Columbia,3.5,3.5,3.0,4.0,"(38.907192, -77.036871)",11,OVERALL
102408,2015,DE,Delaware,3.6,3.6,3.2,4.0,"(39.008830667000495, -75.57774116799965)",10,OVERALL
102416,2015,FL,Florida,4.1,4.1,3.8,4.4,"(28.932040377000476, -81.92896053899966)",12,OVERALL
102424,2015,GA,Georgia,3.7,3.7,3.4,4.0,"(32.83968109300048, -83.62758034599966)",13,OVERALL
102432,2015,GU,Guam,3.5,3.5,2.9,4.1,"(13.444304, 144.793731)",66,OVERALL
102440,2015,HI,Hawaii,2.9,2.9,2.6,3.1,"(21.304850435000446, -157.85774940299973)",15,OVERALL
102448,2015,IA,Iowa,3.2,3.2,2.9,3.4,"(42.46940091300047, -93.81649055599968)",19,OVERALL
102456,2015,ID,Idaho,3.4,3.4,3.1,3.7,"(43.682630005000476, -114.3637300419997)",16,OVERALL
102464,2015,IL,Illinois,3.4,3.4,3.2,3.7,"(40.48501028300046, -88.99771017799969)",17,OVERALL
102472,2015,IN,Indiana,4.0,4.0,3.7,4.4,"(39.766910452000445, -86.14996019399968)",18,OVERALL
102480,2015,KS,Kansas,3.2,3.2,3.0,3.3,"(38.34774030000045, -98.20078122699965)",20,OVERALL
102488,2015,KY,Kentucky,4.3,4.3,4.0,4.6,"(37.645970271000465, -84.77497104799966)",21,OVERALL
102496,2015,LA,Louisiana,4.3,4.3,4.0,4.6,"(31.31266064400046, -92.44568007099969)",22,OVERALL
102504,2015,MA,Massachusetts,3.9,3.9,3.6,4.1,"(42.27687047000046, -72.08269067499964)",25,OVERALL
102512,2015,MD,Maryland,3.4,3.4,3.1,3.7,"(39.29058096400047, -76.60926011099963)",24,OVERALL
102520,2015,ME,Maine,3.8,3.8,3.6,4.0,"(45.254228894000505, -68.98503133599962)",23,OVERALL
102528,2015,MI,Michigan,3.8,3.8,3.6,4.0,"(44.6613195430005, -84.71439026999968)",26,OVERALL
102536,2015,MN,Minnesota,2.9,2.9,2.8,3.1,"(46.35564873600049, -94.79420050299967)",27,OVERALL
102544,2015,MO,Missouri,4.0,4.0,3.7,4.3,"(38.635790776000476, -92.56630005299968)",29,OVERALL
102552,2015,MS,Mississippi,4.5,4.5,4.1,4.8,"(32.745510099000455, -89.53803082499968)",28,OVERALL
102560,2015,MT,Montana,3.4,3.4,3.1,3.7,"(47.06652897200047, -109.42442064499971)",30,OVERALL
102568,2015,NC,North Carolina,3.7,3.7,3.4,3.9,"(35.466220975000454, -79.15925046299964)",37,OVERALL
102576,2015,ND,North Dakota,3.3,3.3,3.0,3.6,"(47.47531977900047, -100.11842104899966)",38,OVERALL
102584,2015,NE,Nebraska,2.9,2.9,2.7,3.1,"(41.6410409880005, -99.36572062299967)",31,OVERALL
102592,2015,NH,New Hampshire,3.5,3.5,3.2,3.8,"(43.65595011300047, -71.50036091999965)",33,OVERALL
102600,2015,NJ,New Jersey,3.3,3.3,3.1,3.6,"(40.13057004800049, -74.27369128799967)",34,OVERALL
102608,2015,NM,New Mexico,3.7,3.7,3.4,3.9,"(34.52088095200048, -106.24058098499967)",35,OVERALL
102616,2015,NV,Nevada,3.8,3.8,3.3,4.3,"(39.493240390000494, -117.07184056399967)",32,OVERALL
102625,2015,NY,New York,3.7,3.7,3.5,3.9,"(42.82700103200045, -75.54397042699964)",36,OVERALL
102633,2015,OH,Ohio,3.9,3.9,3.6,4.1,"(40.06021014100048, -82.40426005599966)",39,OVERALL
102641,2015,OK,Oklahoma,4.1,4.1,3.7,4.4,"(35.47203135600046, -97.52107021399968)",40,OVERALL
102649,2015,OR,Oregon,4.5,4.5,4.2,4.8,"(44.56744942400047, -120.15503132599969)",41,OVERALL
102657,2015,PA,Pennsylvania,3.8,3.8,3.5,4.1,"(40.79373015200048, -77.86070029399963)",42,OVERALL
102665,2015,PR,Puerto Rico,3.8,3.8,3.5,4.1,"(18.220833, -66.590149)",72,OVERALL
102673,2015,RI,Rhode Island,4.1,4.1,3.7,4.4,"(41.70828019300046, -71.52247031399963)",44,OVERALL
102681,2015,SC,South Carolina,4.3,4.3,4.0,4.5,"(33.998821303000454, -81.04537120699968)",45,OVERALL
102689,2015,SD,South Dakota,2.4,2.4,2.2,2.7,"(44.353130053000484, -100.3735306369997)",46,OVERALL
102697,2015,TN,Tennessee,4.3,4.3,4.0,4.6,"(35.68094058000048, -85.77449091399967)",47,OVERALL
102705,2015,TX,Texas,3.2,3.2,3.0,3.5,"(31.827240407000488, -99.42677020599967)",48,OVERALL
102709,2015,US,United States,3.7,3.7,3.5,3.8,,59,OVERALL
102716,2015,UT,Utah,3.6,3.6,3.4,3.8,"(39.360700171000474, -111.58713063499971)",49,OVERALL
102724,2015,VA,Virginia,3.2,3.2,3.0,3.5,"(37.54268067400045, -78.45789046299967)",51,OVERALL
102732,2015,VI,Virgin Islands,,,,,"(18.335765, -64.896335)",78,OVERALL
102740,2015,VT,Vermont,3.5,3.5,3.3,3.8,"(43.62538123900049, -72.51764079099962)",50,OVERALL
102748,2015,WA,Washington,3.7,3.7,3.5,3.8,"(47.52227862900048, -120.47001078999972)",53,OVERALL
102756,2015,WI,Wisconsin,3.4,3.4,3.1,3.6,"(44.39319117400049, -89.81637074199966)",55,OVERALL
102764,2015,WV,West Virginia,4.7,4.7,4.4,4.9,"(38.66551020200046, -80.71264013499967)",54,OVERALL
102772,2015,WY,Wyoming,3.6,3.6,3.2,4.0,"(43.23554134300048, -108.10983035299967)",56,OVERALL
171759,2012,AK,Alaska,3.1,3.1,2.8,3.5,"(64.84507995700051, -147.72205903599973)",2,OVERALL
171767,2012,AL,Alabama,5.4,5.4,5.0,5.7,"(32.84057112200048, -86.63186076199969)",1,OVERALL
171775,2012,AR,Arkansas,4.7,4.7,4.4,5.1,"(34.74865012400045, -92.27449074299966)",5,OVERALL
171783,2012,AZ,Arizona,4.0,4.0,3.7,4.4,"(34.865970280000454, -111.76381127699972)",4,OVERALL
171791,2012,CA,California,3.8,3.8,3.6,4.0,"(37.63864012300047, -120.99999953799971)",6,OVERALL
171799,2012,CO,Colorado,3.5,3.5,3.3,3.7,"(38.843840757000464, -106.13361092099967)",8,OVERALL
171807,2012,CT,Connecticut,3.7,3.7,3.5,3.9,"(41.56266102000046, -72.64984095199964)",9,OVERALL
171815,2012,DC,District of Columbia,3.8,3.8,3.4,4.2,"(38.907192, -77.036871)",11,OVERALL
171823,2012,DE,Delaware,3.7,3.7,3.4,4.1,"(39.008830667000495, -75.57774116799965)",10,OVERALL
171831,2012,FL,Florida,4.5,4.5,4.2,4.9,"(28.932040377000476, -81.92896053899966)",12,OVERALL
171839,2012,GA,Georgia,3.6,3.6,3.3,3.8,"(32.83968109300048, -83.62758034599966)",13,OVERALL
171847,2012,GU,Guam,3.0,3.0,2.5,3.4,"(13.444304, 144.793731)",66,OVERALL
171855,2012,HI,Hawaii,3.0,3.0,2.7,3.2,"(21.304850435000446, -157.85774940299973)",15,OVERALL
171863,2012,IA,Iowa,3.1,3.1,2.8,3.3,"(42.46940091300047, -93.81649055599968)",19,OVERALL
171872,2012,ID,Idaho,3.9,3.9,3.5,4.2,"(43.682630005000476, -114.3637300419997)",16,OVERALL
171880,2012,IL,Illinois,3.5,3.5,3.2,3.8,"(40.48501028300046, -88.99771017799969)",17,OVERALL
171888,2012,IN,Indiana,4.3,4.3,4.1,4.6,"(39.766910452000445, -86.14996019399968)",18,OVERALL
171895,2012,KS,Kansas,3.3,3.3,3.1,3.5,"(38.34774030000045, -98.20078122699965)",20,OVERALL
171903,2012,KY,Kentucky,5.0,5.0,4.7,5.3,"(37.645970271000465, -84.77497104799966)",21,OVERALL
171911,2012,LA,Louisiana,4.1,4.1,3.8,4.4,"(31.31266064400046, -92.44568007099969)",22,OVERALL
171919,2012,MA,Massachusetts,3.8,3.8,3.6,4.0,"(42.27687047000046, -72.08269067499964)",25,OVERALL
171927,2012,MD,Maryland,3.5,3.5,3.2,3.7,"(39.29058096400047, -76.60926011099963)",24,OVERALL
171936,2012,ME,Maine,4.2,4.2,3.9,4.4,"(45.254228894000505, -68.98503133599962)",23,OVERALL
171944,2012,MI,Michigan,4.2,4.2,4.0,4.5,"(44.6613195430005, -84.71439026999968)",26,OVERALL
171952,2012,MN,Minnesota,3.1,3.1,2.9,3.3,"(46.35564873600049, -94.79420050299967)",27,OVERALL
171960,2012,MO,Missouri,4.1,4.1,3.8,4.4,"(38.635790776000476, -92.56630005299968)",29,OVERALL
171968,2012,MS,Mississippi,4.4,4.4,4.1,4.7,"(32.745510099000455, -89.53803082499968)",28,OVERALL
171976,2012,MT,Montana,3.8,3.8,3.5,4.0,"(47.06652897200047, -109.42442064499971)",30,OVERALL
171984,2012,NC,North Carolina,3.9,3.9,3.7,4.1,"(35.466220975000454, -79.15925046299964)",37,OVERALL
171992,2012,ND,North Dakota,2.8,2.8,2.5,3.1,"(47.47531977900047, -100.11842104899966)",38,OVERALL
172000,2012,NE,Nebraska,3.1,3.1,2.9,3.2,"(41.6410409880005, -99.36572062299967)",31,OVERALL
172009,2012,NH,New Hampshire,3.9,3.9,3.6,4.2,"(43.65595011300047, -71.50036091999965)",33,OVERALL
172017,2012,NJ,New Jersey,3.3,3.3,3.1,3.5,"(40.13057004800049, -74.27369128799967)",34,OVERALL
172025,2012,NM,New Mexico,4.1,4.1,3.8,4.3,"(34.52088095200048, -106.24058098499967)",35,OVERALL
172033,2012,NV,Nevada,4.1,4.1,3.7,4.4,"(39.493240390000494, -117.07184056399967)",32,OVERALL
172041,2012,NY,New York,4.1,4.1,3.8,4.4,"(42.82700103200045, -75.54397042699964)",36,OVERALL
172049,2012,OH,Ohio,4.1,4.1,3.9,4.4,"(40.06021014100048, -82.40426005599966)",39,OVERALL
172057,2012,OK,Oklahoma,4.2,4.2,3.9,4.5,"(35.47203135600046, -97.52107021399968)",40,OVERALL
172065,2012,OR,Oregon,4.4,4.4,4.1,4.7,"(44.56744942400047, -120.15503132599969)",41,OVERALL
172073,2012,PA,Pennsylvania,4.0,4.0,3.8,4.2,"(40.79373015200048, -77.86070029399963)",42,OVERALL
172081,2012,PR,Puerto Rico,3.5,3.5,3.2,3.7,"(18.220833, -66.590149)",72,OVERALL
172089,2012,RI,Rhode Island,4.2,4.2,3.8,4.5,"(41.70828019300046, -71.52247031399963)",44,OVERALL
172097,2012,SC,South Carolina,4.2,4.2,4.0,4.5,"(33.998821303000454, -81.04537120699968)",45,OVERALL
172105,2012,SD,South Dakota,2.9,2.9,2.7,3.2,"(44.353130053000484, -100.3735306369997)",46,OVERALL
172113,2012,TN,Tennessee,4.0,4.0,3.7,4.3,"(35.68094058000048, -85.77449091399967)",47,OVERALL
172121,2012,TX,Texas,3.6,3.6,3.4,3.9,"(31.827240407000488, -99.42677020599967)",48,OVERALL
172125,2012,US,United States,3.9,3.9,3.7,4.1,,59,OVERALL
172132,2012,UT,Utah,3.4,3.4,3.2,3.5,"(39.360700171000474, -111.58713063499971)",49,OVERALL
172140,2012,VA,Virginia,3.5,3.5,3.3,3.8,"(37.54268067400045, -78.45789046299967)",51,OVERALL
172148,2012,VI,Virgin Islands,,,,,"(18.335765, -64.896335)",78,OVERALL
172157,2012,VT,Vermont,3.9,3.9,3.6,4.2,"(43.62538123900049, -72.51764079099962)",50,OVERALL
172165,2012,WA,Washington,3.9,3.9,3.7,4.1,"(47.52227862900048, -120.47001078999972)",53,OVERALL
172173,2012,WI,Wisconsin,3.7,3.7,3.4,4.1,"(44.39319117400049, -89.81637074199966)",55,OVERALL
172181,2012,WV,West Virginia,4.6,4.6,4.3,4.9,"(38.66551020200046, -80.71264013499967)",54,OVERALL
172189,2012,WY,Wyoming,3.4,3.4,3.1,3.8,"(43.23554134300048, -108.10983035299967)",56,OVERALL
233308,2011,AK,Alaska,3.1,3.1,2.7,3.5,"(64.84507995700051, -147.72205903599973)",2,OVERALL
233316,2011,AL,Alabama,4.9,4.9,4.6,5.2,"(32.84057112200048, -86.63186076199969)",1,OVERALL
233324,2011,AR,Arkansas,5.3,5.3,4.8,5.8,"(34.74865012400045, -92.27449074299966)",5,OVERALL
233332,2011,AZ,Arizona,3.9,3.9,3.5,4.2,"(34.865970280000454, -111.76381127699972)",4,OVERALL
233340,2011,CA,California,3.7,3.7,3.6,3.9,"(37.63864012300047, -120.99999953799971)",6,OVERALL
233348,2011,CO,Colorado,3.5,3.5,3.3,3.7,"(38.843840757000464, -106.13361092099967)",8,OVERALL
233356,2011,CT,Connecticut,3.6,3.6,3.4,3.9,"(41.56266102000046, -72.64984095199964)",9,OVERALL
233364,2011,DC,District of Columbia,3.6,3.6,3.2,3.9,"(38.907192, -77.036871)",11,OVERALL
233372,2011,DE,Delaware,3.4,3.4,3.1,3.8,"(39.008830667000495, -75.57774116799965)",10,OVERALL
233380,2011,FL,Florida,4.4,4.4,4.1,4.6,"(28.932040377000476, -81.92896053899966)",12,OVERALL
233388,2011,GA,Georgia,3.9,3.9,3.6,4.1,"(32.83968109300048, -83.62758034599966)",13,OVERALL
233396,2011,GU,Guam,2.9,2.9,2.5,3.3,"(13.444304, 144.793731)",66,OVERALL
233404,2011,HI,Hawaii,2.9,2.9,2.6,3.1,"(21.304850435000446, -157.85774940299973)",15,OVERALL
233412,2011,IA,Iowa,3.1,3.1,2.9,3.3,"(42.46940091300047, -93.81649055599968)",19,OVERALL
233420,2011,ID,Idaho,3.8,3.8,3.5,4.2,"(43.682630005000476, -114.3637300419997)",16,OVERALL
233428,2011,IL,Illinois,4.0,4.0,3.7,4.3,"(40.48501028300046, -88.99771017799969)",17,OVERALL
233436,2011,IN,Indiana,4.3,4.3,4.0,4.5,"(39.766910452000445, -86.14996019399968)",18,OVERALL
233444,2011,KS,Kansas,3.3,3.3,3.2,3.5,"(38.34774030000045, -98.20078122699965)",20,OVERALL
233452,2011,KY,Kentucky,4.8,4.8,4.5,5.1,"(37.645970271000465, -84.77497104799966)",21,OVERALL
233460,2011,LA,Louisiana,4.4,4.4,4.1,4.7,"(31.31266064400046, -92.44568007099969)",22,OVERALL
233468,2011,MA,Massachusetts,3.6,3.6,3.5,3.8,"(42.27687047000046, -72.08269067499964)",25,OVERALL
233476,2011,MD,Maryland,3.7,3.7,3.4,3.9,"(39.29058096400047, -76.60926011099963)",24,OVERALL
233484,2011,ME,Maine,4.2,4.2,4.0,4.4,"(45.254228894000505, -68.98503133599962)",23,OVERALL
233492,2011,MI,Michigan,4.3,4.3,4.0,4.6,"(44.6613195430005, -84.71439026999968)",26,OVERALL
233500,2011,MN,Minnesota,3.1,3.1,2.9,3.2,"(46.35564873600049, -94.79420050299967)",27,OVERALL
233508,2011,MO,Missouri,4.1,4.1,3.8,4.5,"(38.635790776000476, -92.56630005299968)",29,OVERALL
233516,2011,MS,Mississippi,4.4,4.4,4.1,4.7,"(32.745510099000455, -89.53803082499968)",28,OVERALL
233524,2011,MT,Montana,3.6,3.6,3.4,3.8,"(47.06652897200047, -109.42442064499971)",30,OVERALL
233532,2011,NC,North Carolina,3.7,3.7,3.5,4.0,"(35.466220975000454, -79.15925046299964)",37,OVERALL
233540,2011,ND,North Dakota,2.9,2.9,2.6,3.1,"(47.47531977900047, -100.11842104899966)",38,OVERALL
233548,2011,NE,Nebraska,3.1,3.1,2.9,3.2,"(41.6410409880005, -99.36572062299967)",31,OVERALL
233556,2011,NH,New Hampshire,4.2,4.2,3.9,4.6,"(43.65595011300047, -71.50036091999965)",33,OVERALL
233565,2011,NJ,New Jersey,3.4,3.4,3.2,3.5,"(40.13057004800049, -74.27369128799967)",34,OVERALL
233573,2011,NM,New Mexico,4.0,4.0,3.7,4.2,"(34.52088095200048, -106.24058098499967)",35,OVERALL
233581,2011,NV,Nevada,3.9,3.9,3.5,4.3,"(39.493240390000494, -117.07184056399967)",32,OVERALL
233588,2011,NY,New York,3.7,3.7,3.5,4.0,"(42.82700103200045, -75.54397042699964)",36,OVERALL
233596,2011,OH,Ohio,4.2,4.2,3.9,4.4,"(40.06021014100048, -82.40426005599966)",39,OVERALL
233604,2011,OK,Oklahoma,4.6,4.6,4.3,4.8,"(35.47203135600046, -97.52107021399968)",40,OVERALL
233612,2011,OR,Oregon,3.8,3.8,3.5,4.1,"(44.56744942400047, -120.15503132599969)",41,OVERALL
233620,2011,PA,Pennsylvania,4.1,4.1,3.9,4.4,"(40.79373015200048, -77.86070029399963)",42,OVERALL
233628,2011,PR,Puerto Rico,3.7,3.7,3.5,4.0,"(18.220833, -66.590149)",72,OVERALL
233637,2011,RI,Rhode Island,4.3,4.3,4.0,4.6,"(41.70828019300046, -71.52247031399963)",44,OVERALL
233645,2011,SC,South Carolina,4.1,4.1,3.9,4.3,"(33.998821303000454, -81.04537120699968)",45,OVERALL
233652,2011,SD,South Dakota,3.1,3.1,2.7,3.4,"(44.353130053000484, -100.3735306369997)",46,OVERALL
233660,2011,TN,Tennessee,3.8,3.8,3.3,4.2,"(35.68094058000048, -85.77449091399967)",47,OVERALL
233668,2011,TX,Texas,3.6,3.6,3.3,3.8,"(31.827240407000488, -99.42677020599967)",48,OVERALL
233672,2011,US,United States,3.7,3.7,3.6,4.0,,59,OVERALL
233679,2011,UT,Utah,3.5,3.5,3.4,3.7,"(39.360700171000474, -111.58713063499971)",49,OVERALL
233687,2011,VA,Virginia,3.3,3.3,3.1,3.6,"(37.54268067400045, -78.45789046299967)",51,OVERALL
233695,2011,VI,Virgin Islands,,,,,"(18.335765, -64.896335)",78,OVERALL
233703,2011,VT,Vermont,3.7,3.7,3.5,4.0,"(43.62538123900049, -72.51764079099962)",50,OVERALL
233711,2011,WA,Washington,3.7,3.7,3.5,4.0,"(47.52227862900048, -120.47001078999972)",53,OVERALL
233719,2011,WI,Wisconsin,3.3,3.3,2.9,3.6,"(44.39319117400049, -89.81637074199966)",55,OVERALL
233727,2011,WV,West Virginia,4.6,4.6,4.3,4.9,"(38.66551020200046, -80.71264013499967)",54,OVERALL
233735,2011,WY,Wyoming,3.5,3.5,3.2,3.8,"(43.23554134300048, -108.10983035299967)",56,OVERALL
233743,2011,AK,Alaska,3.2,3.2,2.8,3.5,"(64.84507995700051, -147.72205903599973)",2,OVERALL
233751,2011,AL,Alabama,4.8,4.8,4.5,5.1,"(32.84057112200048, -86.63186076199969)",1,OVERALL
233759,2011,AR,Arkansas,5.2,5.2,4.8,5.7,"(34.74865012400045, -92.27449074299966)",5,OVERALL
233767,2011,AZ,Arizona,3.9,3.9,3.5,4.2,"(34.865970280000454, -111.76381127699972)",4,OVERALL
233775,2011,CA,California,3.8,3.8,3.6,3.9,"(37.63864012300047, -120.99999953799971)",6,OVERALL
233783,2011,CO,Colorado,3.5,3.5,3.3,3.7,"(38.843840757000464, -106.13361092099967)",8,OVERALL
233791,2011,CT,Connecticut,3.6,3.6,3.3,3.9,"(41.56266102000046, -72.64984095199964)",9,OVERALL
233799,2011,DC,District of Columbia,3.6,3.6,3.2,4.0,"(38.907192, -77.036871)",11,OVERALL
233807,2011,DE,Delaware,3.4,3.4,3.0,3.7,"(39.008830667000495, -75.57774116799965)",10,OVERALL
233814,2011,FL,Florida,4.3,4.3,4.0,4.5,"(28.932040377000476, -81.92896053899966)",12,OVERALL
233822,2011,GA,Georgia,3.9,3.9,3.7,4.2,"(32.83968109300048, -83.62758034599966)",13,OVERALL
233830,2011,GU,Guam,2.9,2.9,2.5,3.4,"(13.444304, 144.793731)",66,OVERALL
233837,2011,HI,Hawaii,2.8,2.8,2.6,3.1,"(21.304850435000446, -157.85774940299973)",15,OVERALL
233845,2011,IA,Iowa,3.0,3.0,2.8,3.2,"(42.46940091300047, -93.81649055599968)",19,OVERALL
233853,2011,ID,Idaho,3.9,3.9,3.5,4.2,"(43.682630005000476, -114.3637300419997)",16,OVERALL
233861,2011,IL,Illinois,4.0,4.0,3.7,4.3,"(40.48501028300046, -88.99771017799969)",17,OVERALL
233869,2011,IN,Indiana,4.2,4.2,4.0,4.5,"(39.766910452000445, -86.14996019399968)",18,OVERALL
233877,2011,KS,Kansas,3.3,3.3,3.2,3.5,"(38.34774030000045, -98.20078122699965)",20,OVERALL
233885,2011,KY,Kentucky,4.8,4.8,4.5,5.1,"(37.645970271000465, -84.77497104799966)",21,OVERALL
233893,2011,LA,Louisiana,4.4,4.4,4.1,4.7,"(31.31266064400046, -92.44568007099969)",22,OVERALL
233901,2011,MA,Massachusetts,3.6,3.6,3.4,3.8,"(42.27687047000046, -72.08269067499964)",25,OVERALL
233909,2011,MD,Maryland,3.7,3.7,3.4,3.9,"(39.29058096400047, -76.60926011099963)",24,OVERALL
233917,2011,ME,Maine,4.1,4.1,3.9,4.3,"(45.254228894000505, -68.98503133599962)",23,OVERALL
233925,2011,MI,Michigan,4.2,4.2,4.0,4.5,"(44.6613195430005, -84.71439026999968)",26,OVERALL
233933,2011,MN,Minnesota,3.1,3.1,2.9,3.2,"(46.35564873600049, -94.79420050299967)",27,OVERALL
233941,2011,MO,Missouri,4.1,4.1,3.8,4.4,"(38.635790776000476, -92.56630005299968)",29,OVERALL
233949,2011,MS,Mississippi,4.4,4.4,4.1,4.6,"(32.745510099000455, -89.53803082499968)",28,OVERALL
233957,2011,MT,Montana,3.7,3.7,3.4,3.9,"(47.06652897200047, -109.42442064499971)",30,OVERALL
233965,2011,NC,North Carolina,3.7,3.7,3.5,4.0,"(35.466220975000454, -79.15925046299964)",37,OVERALL
233973,2011,ND,North Dakota,2.8,2.8,2.6,3.1,"(47.47531977900047, -100.11842104899966)",38,OVERALL
233981,2011,NE,Nebraska,3.1,3.1,2.9,3.2,"(41.6410409880005, -99.36572062299967)",31,OVERALL
233989,2011,NH,New Hampshire,4.1,4.1,3.8,4.4,"(43.65595011300047, -71.50036091999965)",33,OVERALL
233998,2011,NJ,New Jersey,3.4,3.4,3.2,3.6,"(40.13057004800049, -74.27369128799967)",34,OVERALL
234006,2011,NM,New Mexico,4.0,4.0,3.7,4.2,"(34.52088095200048, -106.24058098499967)",35,OVERALL
234014,2011,NV,Nevada,3.9,3.9,3.6,4.3,"(39.493240390000494, -117.07184056399967)",32,OVERALL
234021,2011,NY,New York,3.7,3.7,3.5,4.0,"(42.82700103200045, -75.54397042699964)",36,OVERALL
234029,2011,OH,Ohio,4.1,4.1,3.8,4.4,"(40.06021014100048, -82.40426005599966)",39,OVERALL
234037,2011,OK,Oklahoma,4.5,4.5,4.2,4.8,"(35.47203135600046, -97.52107021399968)",40,OVERALL
234044,2011,OR,Oregon,3.8,3.8,3.5,4.1,"(44.56744942400047, -120.15503132599969)",41,OVERALL
234052,2011,PA,Pennsylvania,4.1,4.1,3.9,4.3,"(40.79373015200048, -77.86070029399963)",42,OVERALL
234059,2011,PR,Puerto Rico,3.7,3.7,3.5,4.0,"(18.220833, -66.590149)",72,OVERALL
234067,2011,RI,Rhode Island,4.3,4.3,4.0,4.6,"(41.70828019300046, -71.52247031399963)",44,OVERALL
234075,2011,SC,South Carolina,4.1,4.1,3.9,4.3,"(33.998821303000454, -81.04537120699968)",45,OVERALL
234083,2011,SD,South Dakota,3.0,3.0,2.7,3.3,"(44.353130053000484, -100.3735306369997)",46,OVERALL
234091,2011,TN,Tennessee,3.8,3.8,3.3,4.2,"(35.68094058000048, -85.77449091399967)",47,OVERALL
234099,2011,TX,Texas,3.6,3.6,3.4,3.8,"(31.827240407000488, -99.42677020599967)",48,OVERALL
234103,2011,US,United States,3.8,3.8,3.6,4.0,,59,OVERALL
234110,2011,UT,Utah,3.6,3.6,3.4,3.8,"(39.360700171000474, -111.58713063499971)",49,OVERALL
234118,2011,VA,Virginia,3.4,3.4,3.1,3.6,"(37.54268067400045, -78.45789046299967)",51,OVERALL
234126,2011,VI,Virgin Islands,,,,,"(18.335765, -64.896335)",78,OVERALL
234133,2011,VT,Vermont,3.7,3.7,3.4,4.0,"(43.62538123900049, -72.51764079099962)",50,OVERALL
234141,2011,WA,Washington,3.7,3.7,3.5,4.0,"(47.52227862900048, -120.47001078999972)",53,OVERALL
234149,2011,WI,Wisconsin,3.2,3.2,2.9,3.6,"(44.39319117400049, -89.81637074199966)",55,OVERALL
234157,2011,WV,West Virginia,4.6,4.6,4.3,4.9,"(38.66551020200046, -80.71264013499967)",54,OVERALL
234165,2011,WY,Wyoming,3.5,3.5,3.2,3.8,"(43.23554134300048, -108.10983035299967)",56,OVERALL
304174,2014,AL,Alabama,4.7,4.7,4.4,5.0,"(32.84057112200048, -86.63186076199969)",1,OVERALL
305059,2014,AK,Alaska,3.0,3.0,2.7,3.3,"(64.84507995700051, -147.72205903599973)",2,OVERALL
305075,2014,AR,Arkansas,4.4,4.4,4.0,4.8,"(34.74865012400045, -92.27449074299966)",5,OVERALL
305083,2014,AZ,Arizona,3.7,3.7,3.5,3.9,"(34.865970280000454, -111.76381127699972)",4,OVERALL
305091,2014,CA,California,3.6,3.6,3.4,3.8,"(37.63864012300047, -120.99999953799971)",6,OVERALL
305099,2014,CO,Colorado,3.2,3.2,3.0,3.3,"(38.843840757000464, -106.13361092099967)",8,OVERALL
305107,2014,CT,Connecticut,3.7,3.7,3.4,3.9,"(41.56266102000046, -72.64984095199964)",9,OVERALL
305114,2014,DC,District of Columbia,3.3,3.3,2.9,3.7,"(38.907192, -77.036871)",11,OVERALL
305122,2014,DE,Delaware,3.6,3.6,3.3,4.0,"(39.008830667000495, -75.57774116799965)",10,OVERALL
305130,2014,FL,Florida,3.8,3.8,3.6,4.1,"(28.932040377000476, -81.92896053899966)",12,OVERALL
305138,2014,GA,Georgia,4.0,4.0,3.7,4.3,"(32.83968109300048, -83.62758034599966)",13,OVERALL
305146,2014,GU,Guam,3.4,3.4,2.9,3.9,"(13.444304, 144.793731)",66,OVERALL
305154,2014,HI,Hawaii,2.8,2.8,2.6,3.0,"(21.304850435000446, -157.85774940299973)",15,OVERALL
305162,2014,IA,Iowa,3.1,3.1,2.9,3.3,"(42.46940091300047, -93.81649055599968)",19,OVERALL
305170,2014,ID,Idaho,3.3,3.3,3.0,3.6,"(43.682630005000476, -114.3637300419997)",16,OVERALL
305178,2014,IL,Illinois,3.6,3.6,3.3,3.9,"(40.48501028300046, -88.99771017799969)",17,OVERALL
305186,2014,IN,Indiana,4.2,4.2,4.0,4.5,"(39.766910452000445, -86.14996019399968)",18,OVERALL
305194,2014,KS,Kansas,3.0,3.0,2.9,3.2,"(38.34774030000045, -98.20078122699965)",20,OVERALL
305202,2014,KY,Kentucky,4.6,4.6,4.2,4.9,"(37.645970271000465, -84.77497104799966)",21,OVERALL
305210,2014,LA,Louisiana,4.0,4.0,3.7,4.2,"(31.31266064400046, -92.44568007099969)",22,OVERALL
305218,2014,MA,Massachusetts,3.9,3.9,3.7,4.1,"(42.27687047000046, -72.08269067499964)",25,OVERALL
305226,2014,MD,Maryland,3.4,3.4,3.1,3.6,"(39.29058096400047, -76.60926011099963)",24,OVERALL
305234,2014,ME,Maine,3.9,3.9,3.7,4.2,"(45.254228894000505, -68.98503133599962)",23,OVERALL
305242,2014,MI,Michigan,4.2,4.2,4.0,4.5,"(44.6613195430005, -84.71439026999968)",26,OVERALL
305250,2014,MN,Minnesota,2.9,2.9,2.7,3.0,"(46.35564873600049, -94.79420050299967)",27,OVERALL
305258,2014,MO,Missouri,3.7,3.7,3.4,4.0,"(38.635790776000476, -92.56630005299968)",29,OVERALL
305267,2014,MS,Mississippi,4.3,4.3,3.9,4.7,"(32.745510099000455, -89.53803082499968)",28,OVERALL
305275,2014,MT,Montana,3.4,3.4,3.1,3.7,"(47.06652897200047, -109.42442064499971)",30,OVERALL
305283,2014,NC,North Carolina,3.7,3.7,3.4,3.9,"(35.466220975000454, -79.15925046299964)",37,OVERALL
305290,2014,ND,North Dakota,2.9,2.9,2.6,3.2,"(47.47531977900047, -100.11842104899966)",38,OVERALL
305298,2014,NE,Nebraska,2.8,2.8,2.7,3.0,"(41.6410409880005, -99.36572062299967)",31,OVERALL
305306,2014,NH,New Hampshire,3.6,3.6,3.3,3.9,"(43.65595011300047, -71.50036091999965)",33,OVERALL
305314,2014,NJ,New Jersey,3.4,3.4,3.2,3.6,"(40.13057004800049, -74.27369128799967)",34,OVERALL
305322,2014,NM,New Mexico,4.0,4.0,3.7,4.3,"(34.52088095200048, -106.24058098499967)",35,OVERALL
305330,2014,NV,Nevada,3.4,3.4,3.0,3.9,"(39.493240390000494, -117.07184056399967)",32,OVERALL
305338,2014,NY,New York,3.7,3.7,3.4,3.9,"(42.82700103200045, -75.54397042699964)",36,OVERALL
305346,2014,OH,Ohio,4.3,4.3,4.0,4.6,"(40.06021014100048, -82.40426005599966)",39,OVERALL
305352,2014,IA,Iowa,3.0,3.0,2.8,3.3,"(42.46940091300047, -93.81649055599968)",19,OVERALL
305355,2014,OK,Oklahoma,4.1,4.1,3.9,4.4,"(35.47203135600046, -97.52107021399968)",40,OVERALL
305363,2014,OR,Oregon,4.2,4.2,3.8,4.5,"(44.56744942400047, -120.15503132599969)",41,OVERALL
305371,2014,PA,Pennsylvania,4.0,4.0,3.8,4.3,"(40.79373015200048, -77.86070029399963)",42,OVERALL
305379,2014,PR,Puerto Rico,3.7,3.7,3.5,4.0,"(18.220833, -66.590149)",72,OVERALL
305387,2014,RI,Rhode Island,3.7,3.7,3.4,4.0,"(41.70828019300046, -71.52247031399963)",44,OVERALL
305395,2014,SC,South Carolina,4.2,4.2,4.0,4.5,"(33.998821303000454, -81.04537120699968)",45,OVERALL
305403,2014,SD,South Dakota,2.8,2.8,2.5,3.1,"(44.353130053000484, -100.3735306369997)",46,OVERALL
305411,2014,TN,Tennessee,4.9,4.9,4.4,5.3,"(35.68094058000048, -85.77449091399967)",47,OVERALL
305419,2014,TX,Texas,3.0,3.0,2.8,3.2,"(31.827240407000488, -99.42677020599967)",48,OVERALL
305423,2014,US,United States,3.7,3.7,3.4,3.8,,59,OVERALL
305430,2014,UT,Utah,3.4,3.4,3.2,3.5,"(39.360700171000474, -111.58713063499971)",49,OVERALL
305438,2014,VA,Virginia,3.2,3.2,3.0,3.5,"(37.54268067400045, -78.45789046299967)",51,OVERALL
305446,2014,VI,Virgin Islands,,,,,"(18.335765, -64.896335)",78,OVERALL
305454,2014,VT,Vermont,3.6,3.6,3.3,3.8,"(43.62538123900049, -72.51764079099962)",50,OVERALL
305463,2014,WA,Washington,3.7,3.7,3.5,3.9,"(47.52227862900048, -120.47001078999972)",53,OVERALL
305471,2014,WI,Wisconsin,3.7,3.7,3.4,4.0,"(44.39319117400049, -89.81637074199966)",55,OVERALL
305479,2014,WV,West Virginia,4.7,4.7,4.4,5.0,"(38.66551020200046, -80.71264013499967)",54,OVERALL
305487,2014,WY,Wyoming,3.3,3.3,3.0,3.7,"(43.23554134300048, -108.10983035299967)",56,OVERALL
305495,2014,AK,Alaska,3.1,3.1,2.7,3.4,"(64.84507995700051, -147.72205903599973)",2,OVERALL
305503,2014,AL,Alabama,4.6,4.6,4.4,4.9,"(32.84057112200048, -86.63186076199969)",1,OVERALL
305510,2014,AR,Arkansas,4.4,4.4,4.0,4.7,"(34.74865012400045, -92.27449074299966)",5,OVERALL
305518,2014,AZ,Arizona,3.6,3.6,3.4,3.9,"(34.865970280000454, -111.76381127699972)",4,OVERALL
305526,2014,CA,California,3.6,3.6,3.4,3.8,"(37.63864012300047, -120.99999953799971)",6,OVERALL
305534,2014,CO,Colorado,3.2,3.2,3.0,3.3,"(38.843840757000464, -106.13361092099967)",8,OVERALL
305542,2014,CT,Connecticut,3.6,3.6,3.3,3.8,"(41.56266102000046, -72.64984095199964)",9,OVERALL
305550,2014,DC,District of Columbia,3.4,3.4,2.9,3.8,"(38.907192, -77.036871)",11,OVERALL
305558,2014,DE,Delaware,3.5,3.5,3.2,3.9,"(39.008830667000495, -75.57774116799965)",10,OVERALL
305566,2014,FL,Florida,3.8,3.8,3.5,4.0,"(28.932040377000476, -81.92896053899966)",12,OVERALL
305574,2014,GA,Georgia,4.0,4.0,3.7,4.3,"(32.83968109300048, -83.62758034599966)",13,OVERALL
305582,2014,GU,Guam,3.4,3.4,2.9,3.9,"(13.444304, 144.793731)",66,OVERALL
305590,2014,HI,Hawaii,2.7,2.7,2.5,3.0,"(21.304850435000446, -157.85774940299973)",15,OVERALL
305605,2014,ID,Idaho,3.2,3.2,3.0,3.5,"(43.682630005000476, -114.3637300419997)",16,OVERALL
305613,2014,IL,Illinois,3.6,3.6,3.3,3.8,"(40.48501028300046, -88.99771017799969)",17,OVERALL
305621,2014,IN,Indiana,4.1,4.1,3.9,4.4,"(39.766910452000445, -86.14996019399968)",18,OVERALL
305629,2014,KS,Kansas,3.0,3.0,2.9,3.2,"(38.34774030000045, -98.20078122699965)",20,OVERALL
305637,2014,KY,Kentucky,4.5,4.5,4.2,4.8,"(37.645970271000465, -84.77497104799966)",21,OVERALL
305645,2014,LA,Louisiana,3.9,3.9,3.7,4.2,"(31.31266064400046, -92.44568007099969)",22,OVERALL
305653,2014,MA,Massachusetts,3.9,3.9,3.7,4.1,"(42.27687047000046, -72.08269067499964)",25,OVERALL
305661,2014,MD,Maryland,3.3,3.3,3.1,3.6,"(39.29058096400047, -76.60926011099963)",24,OVERALL
305669,2014,ME,Maine,3.8,3.8,3.6,4.0,"(45.254228894000505, -68.98503133599962)",23,OVERALL
305677,2014,MI,Michigan,4.1,4.1,3.9,4.4,"(44.6613195430005, -84.71439026999968)",26,OVERALL
305685,2014,MN,Minnesota,2.8,2.8,2.7,3.0,"(46.35564873600049, -94.79420050299967)",27,OVERALL
305694,2014,MO,Missouri,3.6,3.6,3.4,3.9,"(38.635790776000476, -92.56630005299968)",29,OVERALL
305702,2014,MS,Mississippi,4.2,4.2,3.8,4.6,"(32.745510099000455, -89.53803082499968)",28,OVERALL
305710,2014,MT,Montana,3.3,3.3,3.0,3.6,"(47.06652897200047, -109.42442064499971)",30,OVERALL
305718,2014,NC,North Carolina,3.6,3.6,3.4,3.9,"(35.466220975000454, -79.15925046299964)",37,OVERALL
305726,2014,ND,North Dakota,2.8,2.8,2.6,3.1,"(47.47531977900047, -100.11842104899966)",38,OVERALL
305734,2014,NE,Nebraska,2.8,2.8,2.6,2.9,"(41.6410409880005, -99.36572062299967)",31,OVERALL
305742,2014,NH,New Hampshire,3.5,3.5,3.2,3.8,"(43.65595011300047, -71.50036091999965)",33,OVERALL
305750,2014,NJ,New Jersey,3.4,3.4,3.2,3.6,"(40.13057004800049, -74.27369128799967)",34,OVERALL
305758,2014,NM,New Mexico,3.9,3.9,3.7,4.2,"(34.52088095200048, -106.24058098499967)",35,OVERALL
305766,2014,NV,Nevada,3.4,3.4,3.0,3.8,"(39.493240390000494, -117.07184056399967)",32,OVERALL
305774,2014,NY,New York,3.7,3.7,3.4,3.9,"(42.82700103200045, -75.54397042699964)",36,OVERALL
305782,2014,OH,Ohio,4.1,4.1,3.9,4.4,"(40.06021014100048, -82.40426005599966)",39,OVERALL
305790,2014,OK,Oklahoma,4.1,4.1,3.8,4.3,"(35.47203135600046, -97.52107021399968)",40,OVERALL
305798,2014,OR,Oregon,4.1,4.1,3.8,4.4,"(44.56744942400047, -120.15503132599969)",41,OVERALL
305806,2014,PA,Pennsylvania,3.9,3.9,3.7,4.2,"(40.79373015200048, -77.86070029399963)",42,OVERALL
305814,2014,PR,Puerto Rico,3.7,3.7,3.5,4.0,"(18.220833, -66.590149)",72,OVERALL
305822,2014,RI,Rhode Island,3.6,3.6,3.3,3.9,"(41.70828019300046, -71.52247031399963)",44,OVERALL
305830,2014,SC,South Carolina,4.2,4.2,3.9,4.4,"(33.998821303000454, -81.04537120699968)",45,OVERALL
305838,2014,SD,South Dakota,2.7,2.7,2.4,3.0,"(44.353130053000484, -100.3735306369997)",46,OVERALL
305846,2014,TN,Tennessee,4.8,4.8,4.3,5.2,"(35.68094058000048, -85.77449091399967)",47,OVERALL
305854,2014,TX,Texas,3.0,3.0,2.8,3.2,"(31.827240407000488, -99.42677020599967)",48,OVERALL
305858,2014,US,United States,3.6,3.6,3.4,3.8,,59,OVERALL
305865,2014,UT,Utah,3.5,3.5,3.3,3.6,"(39.360700171000474, -111.58713063499971)",49,OVERALL
305873,2014,VA,Virginia,3.3,3.3,3.0,3.5,"(37.54268067400045, -78.45789046299967)",51,OVERALL
305881,2014,VI,Virgin Islands,,,,,"(18.335765, -64.896335)",78,OVERALL
305889,2014,VT,Vermont,3.4,3.4,3.2,3.7,"(43.62538123900049, -72.51764079099962)",50,OVERALL
305897,2014,WA,Washington,3.7,3.7,3.4,3.9,"(47.52227862900048, -120.47001078999972)",53,OVERALL
305905,2014,WI,Wisconsin,3.6,3.6,3.3,3.9,"(44.39319117400049, -89.81637074199966)",55,OVERALL
305913,2014,WV,West Virginia,4.6,4.6,4.4,4.9,"(38.66551020200046, -80.71264013499967)",54,OVERALL
305920,2014,WY,Wyoming,3.3,3.3,2.9,3.6,"(43.23554134300048, -108.10983035299967)",56,OVERALL
378905,2013,AK,Alaska,3.0,3.0,2.7,3.3,"(64.84507995700051, -147.72205903599973)",2,OVERALL
378913,2013,AL,Alabama,4.5,4.5,4.2,4.8,"(32.84057112200048, -86.63186076199969)",1,OVERALL
378921,2013,AR,Arkansas,4.5,4.5,4.1,4.9,"(34.74865012400045, -92.27449074299966)",5,OVERALL
378929,2013,AZ,Arizona,3.9,3.9,3.4,4.5,"(34.865970280000454, -111.76381127699972)",4,OVERALL
378937,2013,CA,California,3.7,3.7,3.5,3.9,"(37.63864012300047, -120.99999953799971)",6,OVERALL
378945,2013,CO,Colorado,3.3,3.3,3.1,3.4,"(38.843840757000464, -106.13361092099967)",8,OVERALL
378953,2013,CT,Connecticut,3.5,3.5,3.3,3.8,"(41.56266102000046, -72.64984095199964)",9,OVERALL
378961,2013,DC,District of Columbia,3.5,3.5,3.1,3.9,"(38.907192, -77.036871)",11,OVERALL
378969,2013,DE,Delaware,3.6,3.6,3.3,3.9,"(39.008830667000495, -75.57774116799965)",10,OVERALL
378977,2013,FL,Florida,4.1,4.1,3.9,4.4,"(28.932040377000476, -81.92896053899966)",12,OVERALL
378985,2013,GA,Georgia,3.4,3.4,3.2,3.6,"(32.83968109300048, -83.62758034599966)",13,OVERALL
378993,2013,GU,Guam,3.3,3.3,2.9,3.7,"(13.444304, 144.793731)",66,OVERALL
379001,2013,HI,Hawaii,2.7,2.7,2.5,3.0,"(21.304850435000446, -157.85774940299973)",15,OVERALL
379009,2013,IA,Iowa,3.0,3.0,2.7,3.2,"(42.46940091300047, -93.81649055599968)",19,OVERALL
379018,2013,ID,Idaho,3.7,3.7,3.4,4.0,"(43.682630005000476, -114.3637300419997)",16,OVERALL
379026,2013,IL,Illinois,3.7,3.7,3.4,4.0,"(40.48501028300046, -88.99771017799969)",17,OVERALL
379034,2013,IN,Indiana,4.0,4.0,3.8,4.3,"(39.766910452000445, -86.14996019399968)",18,OVERALL
379043,2013,KS,Kansas,3.2,3.2,3.0,3.3,"(38.34774030000045, -98.20078122699965)",20,OVERALL
379051,2013,KY,Kentucky,4.6,4.6,4.3,4.9,"(37.645970271000465, -84.77497104799966)",21,OVERALL
379059,2013,LA,Louisiana,4.2,4.2,3.8,4.6,"(31.31266064400046, -92.44568007099969)",22,OVERALL
379067,2013,MA,Massachusetts,3.8,3.8,3.6,4.1,"(42.27687047000046, -72.08269067499964)",25,OVERALL
379075,2013,MD,Maryland,3.3,3.3,3.1,3.6,"(39.29058096400047, -76.60926011099963)",24,OVERALL
379083,2013,ME,Maine,4.0,4.0,3.7,4.3,"(45.254228894000505, -68.98503133599962)",23,OVERALL
379091,2013,MI,Michigan,4.0,4.0,3.7,4.2,"(44.6613195430005, -84.71439026999968)",26,OVERALL
379099,2013,MN,Minnesota,2.9,2.9,2.7,3.1,"(46.35564873600049, -94.79420050299967)",27,OVERALL
379107,2013,MO,Missouri,3.8,3.8,3.5,4.1,"(38.635790776000476, -92.56630005299968)",29,OVERALL
379115,2013,MS,Mississippi,4.4,4.4,4.1,4.7,"(32.745510099000455, -89.53803082499968)",28,OVERALL
379123,2013,MT,Montana,3.4,3.4,3.2,3.6,"(47.06652897200047, -109.42442064499971)",30,OVERALL
379131,2013,NC,North Carolina,3.6,3.6,3.4,3.9,"(35.466220975000454, -79.15925046299964)",37,OVERALL
379139,2013,ND,North Dakota,2.7,2.7,2.5,3.0,"(47.47531977900047, -100.11842104899966)",38,OVERALL
379147,2013,NE,Nebraska,3.0,3.0,2.8,3.2,"(41.6410409880005, -99.36572062299967)",31,OVERALL
379156,2013,NH,New Hampshire,3.6,3.6,3.3,3.9,"(43.65595011300047, -71.50036091999965)",33,OVERALL
379164,2013,NJ,New Jersey,3.3,3.3,3.1,3.5,"(40.13057004800049, -74.27369128799967)",34,OVERALL
379172,2013,NM,New Mexico,3.7,3.7,3.5,4.0,"(34.52088095200048, -106.24058098499967)",35,OVERALL
379180,2013,NV,Nevada,3.7,3.7,3.3,4.1,"(39.493240390000494, -117.07184056399967)",32,OVERALL
379188,2013,NY,New York,3.7,3.7,3.4,3.9,"(42.82700103200045, -75.54397042699964)",36,OVERALL
379196,2013,OH,Ohio,3.9,3.9,3.6,4.1,"(40.06021014100048, -82.40426005599966)",39,OVERALL
379204,2013,OK,Oklahoma,4.3,4.3,4.1,4.6,"(35.47203135600046, -97.52107021399968)",40,OVERALL
379212,2013,OR,Oregon,4.4,4.4,4.1,4.7,"(44.56744942400047, -120.15503132599969)",41,OVERALL
379220,2013,PA,Pennsylvania,4.1,4.1,3.8,4.3,"(40.79373015200048, -77.86070029399963)",42,OVERALL
379228,2013,PR,Puerto Rico,4.1,4.1,3.8,4.4,"(18.220833, -66.590149)",72,OVERALL
379236,2013,RI,Rhode Island,3.8,3.8,3.5,4.1,"(41.70828019300046, -71.52247031399963)",44,OVERALL
379244,2013,SC,South Carolina,3.8,3.8,3.6,4.0,"(33.998821303000454, -81.04537120699968)",45,OVERALL
379252,2013,SD,South Dakota,2.5,2.5,2.2,2.8,"(44.353130053000484, -100.3735306369997)",46,OVERALL
379260,2013,TN,Tennessee,3.7,3.7,3.4,4.1,"(35.68094058000048, -85.77449091399967)",47,OVERALL
379268,2013,TX,Texas,3.1,3.1,2.9,3.4,"(31.827240407000488, -99.42677020599967)",48,OVERALL
379272,2013,US,United States,3.7,3.7,3.5,3.8,,59,OVERALL
379279,2013,UT,Utah,3.5,3.5,3.3,3.6,"(39.360700171000474, -111.58713063499971)",49,OVERALL
379287,2013,VA,Virginia,3.3,3.3,3.1,3.6,"(37.54268067400045, -78.45789046299967)",51,OVERALL
379295,2013,VI,Virgin Islands,,,,,"(18.335765, -64.896335)",78,OVERALL
379303,2013,VT,Vermont,3.4,3.4,3.1,3.6,"(43.62538123900049, -72.51764079099962)",50,OVERALL
379311,2013,WA,Washington,3.9,3.9,3.6,4.1,"(47.52227862900048, -120.47001078999972)",53,OVERALL
379319,2013,WI,Wisconsin,3.5,3.5,3.2,3.8,"(44.39319117400049, -89.81637074199966)",55,OVERALL
379327,2013,WV,West Virginia,4.5,4.5,4.2,4.8,"(38.66551020200046, -80.71264013499967)",54,OVERALL
379335,2013,WY,Wyoming,3.2,3.2,2.9,3.5,"(43.23554134300048, -108.10983035299967)",56,OVERALL
379343,2013,AK,Alaska,3.1,3.1,2.8,3.4,"(64.84507995700051, -147.72205903599973)",2,OVERALL
379351,2013,AL,Alabama,4.4,4.4,4.1,4.8,"(32.84057112200048, -86.63186076199969)",1,OVERALL
379359,2013,AR,Arkansas,4.4,4.4,4.1,4.8,"(34.74865012400045, -92.27449074299966)",5,OVERALL
379368,2013,AZ,Arizona,3.9,3.9,3.4,4.4,"(34.865970280000454, -111.76381127699972)",4,OVERALL
379376,2013,CA,California,3.8,3.8,3.6,4.0,"(37.63864012300047, -120.99999953799971)",6,OVERALL
379384,2013,CO,Colorado,3.3,3.3,3.1,3.4,"(38.843840757000464, -106.13361092099967)",8,OVERALL
379391,2013,CT,Connecticut,3.5,3.5,3.2,3.7,"(41.56266102000046, -72.64984095199964)",9,OVERALL
379399,2013,DC,District of Columbia,3.6,3.6,3.2,3.9,"(38.907192, -77.036871)",11,OVERALL
379407,2013,DE,Delaware,3.6,3.6,3.3,3.9,"(39.008830667000495, -75.57774116799965)",10,OVERALL
379414,2013,FL,Florida,4.1,4.1,3.8,4.3,"(28.932040377000476, -81.92896053899966)",12,OVERALL
379422,2013,GA,Georgia,3.4,3.4,3.2,3.7,"(32.83968109300048, -83.62758034599966)",13,OVERALL
379430,2013,GU,Guam,3.4,3.4,3.0,3.9,"(13.444304, 144.793731)",66,OVERALL
379437,2013,HI,Hawaii,2.7,2.7,2.5,2.9,"(21.304850435000446, -157.85774940299973)",15,OVERALL
379445,2013,IA,Iowa,2.9,2.9,2.7,3.1,"(42.46940091300047, -93.81649055599968)",19,OVERALL
379453,2013,ID,Idaho,3.7,3.7,3.4,4.0,"(43.682630005000476, -114.3637300419997)",16,OVERALL
379461,2013,IL,Illinois,3.7,3.7,3.4,4.0,"(40.48501028300046, -88.99771017799969)",17,OVERALL
379469,2013,IN,Indiana,4.0,4.0,3.8,4.2,"(39.766910452000445, -86.14996019399968)",18,OVERALL
379477,2013,KS,Kansas,3.1,3.1,3.0,3.3,"(38.34774030000045, -98.20078122699965)",20,OVERALL
379485,2013,KY,Kentucky,4.5,4.5,4.3,4.8,"(37.645970271000465, -84.77497104799966)",21,OVERALL
379493,2013,LA,Louisiana,4.2,4.2,3.8,4.6,"(31.31266064400046, -92.44568007099969)",22,OVERALL
379501,2013,MA,Massachusetts,3.8,3.8,3.6,4.0,"(42.27687047000046, -72.08269067499964)",25,OVERALL
379509,2013,MD,Maryland,3.3,3.3,3.1,3.5,"(39.29058096400047, -76.60926011099963)",24,OVERALL
379517,2013,ME,Maine,3.8,3.8,3.5,4.0,"(45.254228894000505, -68.98503133599962)",23,OVERALL
379525,2013,MI,Michigan,3.9,3.9,3.7,4.1,"(44.6613195430005, -84.71439026999968)",26,OVERALL
379533,2013,MN,Minnesota,2.9,2.9,2.7,3.1,"(46.35564873600049, -94.79420050299967)",27,OVERALL
379541,2013,MO,Missouri,3.8,3.8,3.5,4.1,"(38.635790776000476, -92.56630005299968)",29,OVERALL
379549,2013,MS,Mississippi,4.3,4.3,4.0,4.6,"(32.745510099000455, -89.53803082499968)",28,OVERALL
379558,2013,MT,Montana,3.3,3.3,3.1,3.5,"(47.06652897200047, -109.42442064499971)",30,OVERALL
379566,2013,NC,North Carolina,3.6,3.6,3.4,3.9,"(35.466220975000454, -79.15925046299964)",37,OVERALL
379574,2013,ND,North Dakota,2.7,2.7,2.5,3.0,"(47.47531977900047, -100.11842104899966)",38,OVERALL
379582,2013,NE,Nebraska,3.0,3.0,2.8,3.1,"(41.6410409880005, -99.36572062299967)",31,OVERALL
379590,2013,NH,New Hampshire,3.5,3.5,3.2,3.7,"(43.65595011300047, -71.50036091999965)",33,OVERALL
379598,2013,NJ,New Jersey,3.3,3.3,3.1,3.5,"(40.13057004800049, -74.27369128799967)",34,OVERALL
379606,2013,NM,New Mexico,3.7,3.7,3.5,4.0,"(34.52088095200048, -106.24058098499967)",35,OVERALL
379614,2013,NV,Nevada,3.7,3.7,3.3,4.2,"(39.493240390000494, -117.07184056399967)",32,OVERALL
379622,2013,NY,New York,3.7,3.7,3.4,3.9,"(42.82700103200045, -75.54397042699964)",36,OVERALL
379630,2013,OH,Ohio,3.8,3.8,3.6,4.0,"(40.06021014100048, -82.40426005599966)",39,OVERALL
379638,2013,OK,Oklahoma,4.3,4.3,4.1,4.6,"(35.47203135600046, -97.52107021399968)",40,OVERALL
379645,2013,OR,Oregon,4.3,4.3,4.0,4.6,"(44.56744942400047, -120.15503132599969)",41,OVERALL
379653,2013,PA,Pennsylvania,4.0,4.0,3.7,4.2,"(40.79373015200048, -77.86070029399963)",42,OVERALL
379661,2013,PR,Puerto Rico,4.1,4.1,3.8,4.4,"(18.220833, -66.590149)",72,OVERALL
379669,2013,RI,Rhode Island,3.8,3.8,3.5,4.1,"(41.70828019300046, -71.52247031399963)",44,OVERALL
379677,2013,SC,South Carolina,3.8,3.8,3.6,4.0,"(33.998821303000454, -81.04537120699968)",45,OVERALL
379686,2013,SD,South Dakota,2.5,2.5,2.2,2.7,"(44.353130053000484, -100.3735306369997)",46,OVERALL
379694,2013,TN,Tennessee,3.7,3.7,3.4,4.0,"(35.68094058000048, -85.77449091399967)",47,OVERALL
379702,2013,TX,Texas,3.2,3.2,2.9,3.4,"(31.827240407000488, -99.42677020599967)",48,OVERALL
379706,2013,US,United States,3.7,3.7,3.5,3.8,,59,OVERALL
379712,2013,UT,Utah,3.5,3.5,3.4,3.7,"(39.360700171000474, -111.58713063499971)",49,OVERALL
379720,2013,VA,Virginia,3.3,3.3,3.1,3.6,"(37.54268067400045, -78.45789046299967)",51,OVERALL
379728,2013,VI,Virgin Islands,,,,,"(18.335765, -64.896335)",78,OVERALL
379735,2013,VT,Vermont,3.3,3.3,3.1,3.6,"(43.62538123900049, -72.51764079099962)",50,OVERALL
379743,2013,WA,Washington,3.8,3.8,3.6,4.0,"(47.52227862900048, -120.47001078999972)",53,OVERALL
379751,2013,WI,Wisconsin,3.5,3.5,3.2,3.8,"(44.39319117400049, -89.81637074199966)",55,OVERALL
379759,2013,WV,West Virginia,4.4,4.4,4.2,4.7,"(38.66551020200046, -80.71264013499967)",54,OVERALL
379767,2013,WY,Wyoming,3.2,3.2,2.9,3.4,"(43.23554134300048, -108.10983035299967)",56,OVERALL
519169,2012,KS,Kansas,3.2,3.2,3.0,3.4,"(38.34774030000045, -98.20078122699965)",20,OVERALL
519176,2012,US,United States,3.8,3.8,3.7,4.0,,59,OVERALL
519177,2012,AL,Alabama,5.2,5.2,4.9,5.5,"(32.84057112200048, -86.63186076199969)",1,OVERALL
519178,2012,AK,Alaska,3.2,3.2,2.9,3.5,"(64.84507995700051, -147.72205903599973)",2,OVERALL
519179,2012,AZ,Arizona,4.0,4.0,3.7,4.4,"(34.865970280000454, -111.76381127699972)",4,OVERALL
519180,2012,AR,Arkansas,4.7,4.7,4.3,5.0,"(34.74865012400045, -92.27449074299966)",5,OVERALL
519181,2012,CA,California,3.8,3.8,3.7,4.0,"(37.63864012300047, -120.99999953799971)",6,OVERALL
519182,2012,CO,Colorado,3.5,3.5,3.3,3.7,"(38.843840757000464, -106.13361092099967)",8,OVERALL
519183,2012,CT,Connecticut,3.6,3.6,3.4,3.8,"(41.56266102000046, -72.64984095199964)",9,OVERALL
519184,2012,DE,Delaware,3.7,3.7,3.4,4.0,"(39.008830667000495, -75.57774116799965)",10,OVERALL
519185,2012,DC,District of Columbia,3.8,3.8,3.4,4.3,"(38.907192, -77.036871)",11,OVERALL
519186,2012,FL,Florida,4.4,4.4,4.1,4.7,"(28.932040377000476, -81.92896053899966)",12,OVERALL
519187,2012,GA,Georgia,3.6,3.6,3.3,3.9,"(32.83968109300048, -83.62758034599966)",13,OVERALL
519188,2012,HI,Hawaii,2.9,2.9,2.7,3.2,"(21.304850435000446, -157.85774940299973)",15,OVERALL
519189,2012,ID,Idaho,3.8,3.8,3.4,4.2,"(43.682630005000476, -114.3637300419997)",16,OVERALL
519190,2012,IL,Illinois,3.5,3.5,3.2,3.8,"(40.48501028300046, -88.99771017799969)",17,OVERALL
519191,2012,IN,Indiana,4.3,4.3,4.1,4.6,"(39.766910452000445, -86.14996019399968)",18,OVERALL
519192,2012,IA,Iowa,3.0,3.0,2.8,3.3,"(42.46940091300047, -93.81649055599968)",19,OVERALL
519193,2012,KY,Kentucky,4.9,4.9,4.7,5.2,"(37.645970271000465, -84.77497104799966)",21,OVERALL
519194,2012,LA,Louisiana,4.1,4.1,3.8,4.4,"(31.31266064400046, -92.44568007099969)",22,OVERALL
519195,2012,ME,Maine,4.0,4.0,3.8,4.2,"(45.254228894000505, -68.98503133599962)",23,OVERALL
519196,2012,MD,Maryland,3.5,3.5,3.2,3.7,"(39.29058096400047, -76.60926011099963)",24,OVERALL
519197,2012,MA,Massachusetts,3.8,3.8,3.6,3.9,"(42.27687047000046, -72.08269067499964)",25,OVERALL
519198,2012,MI,Michigan,4.1,4.1,3.9,4.4,"(44.6613195430005, -84.71439026999968)",26,OVERALL
519199,2012,MN,Minnesota,3.1,3.1,2.9,3.2,"(46.35564873600049, -94.79420050299967)",27,OVERALL
519200,2012,MS,Mississippi,4.4,4.4,4.1,4.7,"(32.745510099000455, -89.53803082499968)",28,OVERALL
519201,2012,MO,Missouri,4.0,4.0,3.7,4.3,"(38.635790776000476, -92.56630005299968)",29,OVERALL
519202,2012,MT,Montana,3.7,3.7,3.5,3.9,"(47.06652897200047, -109.42442064499971)",30,OVERALL
519203,2012,NE,Nebraska,3.0,3.0,2.9,3.2,"(41.6410409880005, -99.36572062299967)",31,OVERALL
519204,2012,NV,Nevada,4.1,4.1,3.7,4.5,"(39.493240390000494, -117.07184056399967)",32,OVERALL
519205,2012,NH,New Hampshire,3.8,3.8,3.5,4.1,"(43.65595011300047, -71.50036091999965)",33,OVERALL
519206,2012,NJ,New Jersey,3.3,3.3,3.1,3.5,"(40.13057004800049, -74.27369128799967)",34,OVERALL
519207,2012,NM,New Mexico,4.0,4.0,3.8,4.2,"(34.52088095200048, -106.24058098499967)",35,OVERALL
519208,2012,NY,New York,4.1,4.1,3.8,4.4,"(42.82700103200045, -75.54397042699964)",36,OVERALL
519209,2012,NC,North Carolina,3.9,3.9,3.7,4.1,"(35.466220975000454, -79.15925046299964)",37,OVERALL
519210,2012,ND,North Dakota,2.8,2.8,2.5,3.0,"(47.47531977900047, -100.11842104899966)",38,OVERALL
519211,2012,OH,Ohio,4.1,4.1,3.9,4.3,"(40.06021014100048, -82.40426005599966)",39,OVERALL
519212,2012,OK,Oklahoma,4.2,4.2,3.9,4.4,"(35.47203135600046, -97.52107021399968)",40,OVERALL
519213,2012,OR,Oregon,4.4,4.4,4.1,4.7,"(44.56744942400047, -120.15503132599969)",41,OVERALL
519214,2012,PA,Pennsylvania,3.8,3.8,3.7,4.0,"(40.79373015200048, -77.86070029399963)",42,OVERALL
519215,2012,RI,Rhode Island,4.1,4.1,3.8,4.4,"(41.70828019300046, -71.52247031399963)",44,OVERALL
519216,2012,SC,South Carolina,4.2,4.2,4.0,4.4,"(33.998821303000454, -81.04537120699968)",45,OVERALL
519217,2012,SD,South Dakota,2.9,2.9,2.6,3.1,"(44.353130053000484, -100.3735306369997)",46,OVERALL
519218,2012,TN,Tennessee,4.0,4.0,3.7,4.2,"(35.68094058000048, -85.77449091399967)",47,OVERALL
519219,2012,TX,Texas,3.6,3.6,3.4,3.9,"(31.827240407000488, -99.42677020599967)",48,OVERALL
519220,2012,UT,Utah,3.4,3.4,3.3,3.6,"(39.360700171000474, -111.58713063499971)",49,OVERALL
519221,2012,VT,Vermont,3.8,3.8,3.5,4.1,"(43.62538123900049, -72.51764079099962)",50,OVERALL
519222,2012,VA,Virginia,3.5,3.5,3.3,3.8,"(37.54268067400045, -78.45789046299967)",51,OVERALL
519223,2012,WA,Washington,3.9,3.9,3.7,4.1,"(47.52227862900048, -120.47001078999972)",53,OVERALL
519224,2012,WV,West Virginia,4.5,4.5,4.2,4.8,"(38.66551020200046, -80.71264013499967)",54,OVERALL
519225,2012,WI,Wisconsin,3.7,3.7,3.3,4.0,"(44.39319117400049, -89.81637074199966)",55,OVERALL
519226,2012,WY,Wyoming,3.4,3.4,3.1,3.7,"(43.23554134300048, -108.10983035299967)",56,OVERALL
519227,2012,GU,Guam,2.9,2.9,2.5,3.3,"(13.444304, 144.793731)",66,OVERALL
519228,2012,PR,Puerto Rico,3.5,3.5,3.2,3.7,"(18.220833, -66.590149)",72,OVERALL
519229,2012,VI,Virgin Islands,,,,,"(18.335765, -64.896335)",78,OVERALL
